{"Epoch": 29, "Train Loss": -0.10821403137275151, "Val Loss": -0.1082607050027166, "NCC Loss": -0.10842917220933097, "Smoohtness Loss": 0.0002151407118487571, "_timestamp": 1721934868.3298504, "_runtime": 1044.2891654968262, "_step": 29, "_wandb": {"runtime": 1043}}