{"Epoch": 29, "Train Loss": -0.10640644707850047, "Val Loss": -0.10703381576708385, "NCC Loss": -0.1064366368310792, "Smoohtness Loss": 3.0189367472693058e-05, "_timestamp": 1721932496.4966357, "_runtime": 1047.8332686424255, "_step": 29, "_wandb": {"runtime": 1047}}